Feature_1,Feature_2,Label
0.25638907005918793,0.28496189780843256,0.0
0.9701801439843399,0.4041515555648299,0.0
0.7426739956819701,0.12160285139100287,0.0
0.536845728741317,0.0826245913831052,0.0
0.32467138413931673,0.6661253813855165,0.0
0.28127647725784594,0.6983181190481517,0.0
0.5080266357666852,0.7382970698598508,0.0
0.8793078120382564,0.26773633874448316,0.0
0.5606466322409788,0.05114711780964172,0.0
0.716429027448412,0.10397829176879048,0.0
0.5753795635989682,0.6334224809939399,0.0
0.9649701306544174,0.45614077074992043,0.0
0.8838095190750931,0.20971839623291183,0.0
0.2161011864818255,0.5984972917395073,0.0
0.27581534764088994,0.6196977375450449,0.0
0.2921818828999368,0.6321726114073041,0.0
0.23024031639635423,0.3871570571137412,0.0
0.47133281606141086,0.1036915114348501,0.0
0.30708335111979856,0.18049114868098842,0.0
0.2201780943222413,0.43694606252955076,0.0
0.5630887623449682,0.06296486517591203,0.0
0.35038617859317356,0.6654087095189949,0.0
0.19280663760638,0.37493287221144184,0.0
0.24055146410723371,0.27887038090985394,0.0
0.3639519242871098,0.1345410988022975,0.0
0.8472876158297693,0.14433021332643942,0.0
0.22526008401424968,0.5994172341605187,0.0
0.43014342097228625,0.07893872487556043,0.0
0.5157093505196629,0.048957753679962863,0.0
0.5174518031489597,0.7125026681529938,0.0
0.576264983303678,0.033959420545984116,0.0
0.2778873408708397,0.6333106701719515,0.0
0.49229009041215194,0.7397728889738354,0.0
0.9403255521960193,0.42012550200658033,0.0
0.9537375620783843,0.4257455277258503,0.0
0.8470660137234993,0.1791318183763015,0.0
0.20430381656053284,0.36407588259984314,0.0
0.44751293205525894,0.7301405950338782,0.0
0.6782734440246112,0.08042430010649634,0.0
0.319223054680197,0.14871078937015186,0.0
0.37632012657175584,0.7281009190780917,0.0
0.38806134931973935,0.08395151053570105,0.0
0.5599927925433336,0.6359071367503681,0.0
0.9115496129570314,0.3698224778993601,0.0
0.2380930319882666,0.476353813282128,0.0
0.6649721249713851,0.0705133935716778,0.0
0.260720122398631,0.3905083218408001,0.0
0.4313061840478617,0.058785445085457896,0.0
0.45030697227257344,0.06506501596077889,0.0
0.25578669130933496,0.6024829519771461,0.0
0.9533471730706883,0.4274299765989604,0.0
0.8363460008150504,0.17258261545380282,0.0
0.9507376328022905,0.42154177841991813,0.0
0.9259893008627517,0.3073316997676214,0.0
0.5783351844268646,0.059834136794087875,0.0
0.9261361690682821,0.36282162809302637,0.0
0.4254116863960608,0.7067344187390316,0.0
0.2685402981420307,0.6410039520726076,0.0
0.518861435861095,0.7085602395212319,0.0
0.2096998501143696,0.3349055488436344,0.0
0.25504027274648466,0.21278253211498077,0.0
0.21159479055579608,0.4396987666295483,0.0
0.8735756311072508,0.22356443625523117,0.0
0.2338495181133476,0.26754482847301836,0.0
0.20148158626716353,0.44758955272316475,0.0
0.4756735020445128,0.0459965604877809,0.0
0.3334706869400998,0.7079460316156689,0.0
0.8169160412938876,0.19907350087566297,0.0
0.4608571933503958,0.7386515100883027,0.0
0.956653594891717,0.4445181318528521,0.0
0.7831066177050098,0.15462211698827055,0.0
0.25570527867457443,0.586252397045922,0.0
0.6181555127990671,0.5345424682467094,0.0
0.8551132917842302,0.1852364347764416,0.0
0.711680738117887,0.09290745897869954,0.0
0.7392197548829678,0.10346807941907658,0.0
0.821476995155705,0.14250829740241264,0.0
0.4845427737922651,0.7084425876763706,0.0
0.24661424424411893,0.30585496463989775,0.0
0.3423189914040502,0.7057210758745043,0.0
0.909377668395356,0.2701285713843132,0.0
0.601195975147352,0.04175600156548691,0.0
0.2233119358876844,0.32980747599241117,0.0
0.5143054286612713,0.7262004696756627,0.0
0.21934371178946366,0.36497066418995433,0.0
0.2120846610841867,0.3361587429140043,0.0
0.7588712317975496,0.10335766421737097,0.0
0.6222803200809977,0.09231457539715601,0.0
0.9325397272383779,0.3048002183887609,0.0
0.3813156544570719,0.10840349647728825,0.0
0.3413328517097608,0.6990494589025157,0.0
0.7023661796000963,0.09080918273645654,0.0
0.79375937722126,0.17083692419644178,0.0
0.5022568058125934,0.052305951820919384,0.0
0.8184540227102232,0.11334301572186642,0.0
0.3975476431757149,0.10887896675774568,0.0
0.415091857705782,0.0941385091311336,0.0
0.3106341238529732,0.1620003925023381,0.0
0.5920355983657647,0.6920972547372127,0.0
0.39869077077453713,0.7294206514331302,0.0
0.5635185657259283,0.6541388996342478,0.0
0.6286113320379817,0.040284109181760945,0.0
0.2163909173101256,0.3569896343483764,0.0
0.423048332731626,0.08942888974535995,0.0
0.9487851887443159,0.3338826905938032,0.0
0.21246799933458008,0.4833462579863497,0.0
0.27937164541148696,0.20059869884519618,0.0
0.7982721282822345,0.11951200649399685,0.0
0.24002981873461923,0.5668765365405058,0.0
0.4713247000331725,0.7626039878056922,0.0
0.1987492178471811,0.39391908581290697,0.0
0.27228676623842957,0.6930532278981718,0.0
0.955777940607926,0.3781154007468064,0.0
0.8525813319678204,0.17718329244239786,0.0
0.6481789434782647,0.05687009658195612,0.0
0.9091525170357619,0.29908853235385674,0.0
0.8508107143118703,0.19530336400495782,0.0
0.2532416146931388,0.6328326053151814,0.0
0.9515155379311205,0.342674398049875,0.0
0.4868466445998099,0.05579698144897451,0.0
0.8327912187469338,0.19394311687913976,0.0
0.9265293887229197,0.34382723431496215,0.0
0.19115542794467644,0.3850637259093709,0.0
0.38904892197823066,0.7162325011548258,0.0
0.21232891673609364,0.5155304841063826,0.0
0.317398756489811,0.1712144655541081,0.0
0.8393724672566819,0.1871319776332658,0.0
0.8936838440855087,0.29962003195845016,0.0
0.6043177009815326,0.5465537305724223,0.0
0.41543201056055956,0.07715364855640516,0.0
0.2533357009093471,0.1826462873357104,0.0
0.22803836890185156,0.5687975451407059,0.0
0.3991584084515727,0.7364776746873567,0.0
0.22141944232301133,0.3000037328002653,0.0
0.9910966639534885,0.40220532970738265,0.0
0.21878357292523998,0.34728690022303776,0.0
0.43425706039138473,0.07391896182776729,0.0
0.7074000957076356,0.07957912034826277,0.0
0.2419944618937002,0.2615063077934926,0.0
0.9530737354880726,0.4521601530377106,0.0
0.9567240202574346,0.46081412133574606,0.0
0.17579158894594352,0.5146609675768018,0.0
0.4177725346500606,0.0558055033370462,0.0
0.20669035807858013,0.38631358318564957,0.0
0.18900388660328174,0.4123835195056332,0.0
0.5420034828350109,0.7131763783115306,0.0
0.5880067769240227,0.07310267896106215,0.0
0.41791160575716196,0.06809490522407849,0.0
0.5174453627510379,0.7169593098846363,0.0
0.191871477064344,0.45163059514363624,0.0
0.9300358375042733,0.33739608864306225,0.0
0.23151921233641068,0.5286827720433831,0.0
0.31970794880726544,0.7101380128381025,0.0
0.37147246126479905,0.10993349979372422,0.0
0.9767055296162556,0.46875345954397357,0.0
0.2245238873873233,0.49360986515677313,0.0
0.6846839260785791,0.06651548506699814,0.0
0.7866739025027195,0.16065756608303394,0.0
0.21125924133691779,0.4999795789029968,0.0
0.7276956664444703,0.12024179699396441,0.0
0.22649157388944183,0.2946458871022691,0.0
0.5784801475885792,0.08424186418493623,0.0
0.6148205374207032,0.05291666796104072,0.0
0.4491993281803976,0.07363042650051901,0.0
0.43392204424531716,0.7504656557606384,0.0
0.8775858531630091,0.2361845104931959,0.0
0.21214764536345143,0.35152831301768506,0.0
0.2697929935342391,0.5944417340730946,0.0
0.5297693382663172,0.7035272333537074,0.0
0.5469001943557462,0.04738196375646957,0.0
0.6791896062635401,0.07887114740394677,0.0
0.5898164429872873,0.6069452390205793,0.0
0.4240871522540668,0.06374948333601961,0.0
0.2345995065035228,0.5176141960498013,0.0
0.6451925789340499,0.06641203716086579,0.0
0.28423899837271577,0.6629838655112924,0.0
0.7236058792218883,0.0987695592679949,0.0
0.2344684613431169,0.20865284304273818,0.0
0.9401361324407314,0.39126331969159667,0.0
0.3457747672045051,0.6859744439355202,0.0
0.23018836995507502,0.29958049533180514,0.0
0.37514547214200406,0.6966991332370471,0.0
0.9294101330760818,0.34697736823284847,0.0
0.8974491054530395,0.3138449266006955,0.0
0.1993716268832704,0.5289392403939095,0.0
0.6598661322685974,0.06713477795016923,0.0
0.8450377382775212,0.22127815784219754,0.0
0.4791195251075981,0.06032743681551791,0.0
0.4863521279395224,0.06818482968139292,0.0
0.23697977060938752,0.5036963868363821,0.0
0.4276347738875651,0.7618570399998741,0.0
0.9170419862992335,0.3582812590668767,0.0
0.9392248377288639,0.3214874757585941,0.0
0.6204792140260876,0.07166989954523098,0.0
0.23557066193595294,0.28910534900163815,0.0
0.22142462730879023,0.2931486202221413,0.0
0.7468811956157207,0.11852128428908681,0.0
0.9290528814679667,0.30258815657806726,0.0
0.9250770482130363,0.3211242227789616,0.0
0.8250477798573743,0.1815330653666226,0.0
0.6373992989321047,0.06514683634302415,0.0
0.4474563940139445,0.7017149573036784,0.0
0.3048359332551767,0.6697065942291155,0.0
0.9314348164031824,0.30591724010014265,0.0
0.5527608135988035,0.06905458673339496,0.0
0.6062313027290595,0.5980655820022904,0.0
0.4101301526176444,0.7286932875432389,0.0
0.6718884377524743,0.05637556474415849,0.0
0.6100069925702228,0.5525231076342153,0.0
0.2930909296914157,0.6618374281605424,0.0
0.4809344888543904,0.05219143583246817,0.0
0.718847297883674,0.06572362211950662,0.0
0.6373906884626699,0.0527836446035473,0.0
0.2517067389632538,0.555624175402991,0.0
0.7444582690622894,0.06996388837044556,0.0
0.22605049653542225,0.5413187069252381,0.0
0.22073480042179952,0.3621556532115867,0.0
0.7675319708010591,0.15148713388779725,0.0
0.671136437566508,0.053257573002672656,0.0
0.8820448807948246,0.2789549248329381,0.0
0.672563786981829,0.05361885779281806,0.0
0.5021638937033253,0.049251526754997145,0.0
0.40669359850899595,0.7143105084460966,0.0
0.23058665764920347,0.2502677445189845,0.0
0.21135446944434944,0.4713953094989959,0.0
0.24201580747274498,0.494050420871389,0.0
0.9789504770018375,0.44862059388408626,0.0
0.26744459063987835,0.2327307437481363,0.0
0.9060403989594548,0.3248798597334206,0.0
0.6104156795870986,0.0627227575022276,0.0
0.8381546045937661,0.22360521834892233,0.0
0.3974375644803208,0.07867711518660889,0.0
0.5127507851024262,0.04257892832605408,0.0
0.38257820753763705,0.11735355656188415,0.0
0.27674491273174473,0.5986315443496862,0.0
0.7307127052480612,0.1128805827691636,0.0
0.20185395888797542,0.4457686132765855,0.0
0.5876860455934794,0.6218322451306645,0.0
0.6534385393052838,0.08985584901327891,0.0
0.2675894859914401,0.6341841864187887,0.0
0.9556053756089535,0.40294464101715977,0.0
0.9671348614214546,0.45523565836076885,0.0
0.9350074912817461,0.34062747750392586,0.0
0.22691487494417778,0.24661105114407972,0.0
0.5990919261124439,0.6476328379654602,0.0
0.9374537413205583,0.3807580130392105,0.0
0.3060681249042736,0.18940739088982975,0.0
1.0,0.4321189904422971,0.0
0.9536314768972295,0.4547072010082139,0.0
0.9023250020194142,0.2913916933175805,0.0
0.2195967807070604,0.3997910685834218,0.0
0.2694593027066502,0.2534990890077874,0.0
0.902755753011182,0.2650386410691808,0.0
0.2321998521517472,0.3808782154041826,0.0
0.3077868759827513,0.6651134151515581,0.0
0.4877751129384236,0.06020635222958333,0.0
0.9673510931302524,0.3754318736386938,0.0
0.7115190978533883,0.07734347206049405,0.0
0.5116821217876022,0.07634934322749742,0.0
0.4219741631265194,0.7304852400987791,0.0
0.5621424304871139,0.0643542695253741,0.0
0.9785774629706466,0.5200047125857674,0.0
0.3288319197354756,0.6995838770660087,0.0
0.434326586328013,0.10459180722121618,0.0
0.910697056405483,0.3002327516367173,0.0
0.7769542125855362,0.12436908818680657,0.0
0.7007025870926126,0.08838401756022056,0.0
0.731371405530367,0.07072895969608559,0.0
0.24139866810760752,0.2662113816143812,0.0
0.2286712928520622,0.38103536190765497,0.0
0.8413068250107607,0.2052903597462918,0.0
0.8740040433010938,0.19845002221667787,0.0
0.8956435999286244,0.31283856156295875,0.0
0.9149518235690588,0.3132808325463259,0.0
0.4266235717318868,0.07268342060122197,0.0
0.39001911564353126,0.10142101033818644,0.0
0.841354065892817,0.174651274100893,0.0
0.6179032431194819,0.07517070560484543,0.0
0.7242748380359911,0.08671210148685157,0.0
0.86263830001212,0.16262664305204375,0.0
0.8985532839422802,0.30271967636864877,0.0
0.2249793954859285,0.32308347422150446,0.0
0.24852096245400018,0.25627632027989544,0.0
0.40740270087225755,0.7559217020280148,0.0
0.5230593728289955,0.07184509032846001,0.0
0.5658961745804527,0.6881974634737841,0.0
0.36273960616611034,0.13047665564886832,0.0
0.477722438621224,0.08670924335998494,0.0
0.21313895397294313,0.4350633254964261,0.0
0.5428923719148966,0.07603451644973729,0.0
0.5621956247032742,0.6984467169151578,0.0
0.5570595573604056,0.6580459397577715,0.0
0.8653313458587033,0.2040972593778559,0.0
0.25253622783982776,0.2657801367536694,0.0
0.35066284216979815,0.6767272492262921,0.0
0.42975358149890547,0.03151099419804691,0.0
0.7810368693217274,0.1646773355961664,0.0
0.24807702467793977,0.5765868404036758,0.0
0.5804629353017903,0.0514963808674015,0.0
0.4456832635415203,0.7106710293391176,0.0
0.5474188709122227,0.7240843907314,0.0
0.4472228421249834,0.06940751324448613,0.0
0.46806686939484604,0.028181587774474486,0.0
0.6140193605783657,0.04363950465935913,0.0
0.7331439413104736,0.1027323677612293,0.0
0.9920456475146454,0.46859152020138056,0.0
0.4189261528793437,0.08821154221050428,0.0
0.23948512744708234,0.3645118867971543,0.0
0.8351279189616369,0.16934401408892985,0.0
0.2214184967888023,0.4623820862348701,0.0
0.33287874353479385,0.1653276103641555,0.0
0.4774304240112907,0.7205103333515211,0.0
0.6024469013341328,0.6553167865045346,0.0
0.9917869136005031,0.42247108795180305,0.0
0.9025821409528743,0.23797105959742246,0.0
0.6961219283182192,0.07570819049049178,0.0
0.27968434476742715,0.2035717224870282,0.0
0.28967941933821717,0.637316190239746,0.0
0.30594283681642664,0.7115809326525493,0.0
0.24209827060482805,0.5063219544126498,0.0
0.47894280766469705,0.06255413348348006,0.0
0.7415554342297533,0.08004480231808149,0.0
0.6489188355885149,0.034536151718792776,0.0
0.21616426416393758,0.4477746235812736,0.0
0.9503719842102712,0.44913156471842813,0.0
0.7456314766281961,0.09253061984161504,0.0
0.48979988761926574,0.07694854193637025,0.0
0.6026529014928417,0.04275667818636763,0.0
0.31251094483312103,0.17977627797680917,0.0
0.21454513295915711,0.5194567623395191,0.0
0.24668310603559923,0.2571779467866797,0.0
0.8119719975873781,0.16251080849806762,0.0
0.5916807760351593,0.6183736501643056,0.0
0.38643585859530805,0.7242228476790145,0.0
0.5298105043015289,0.6880981189004934,0.0
0.5497334288592981,0.7110111912835457,0.0
0.9023849454728785,0.25586500398242473,0.0
0.7285115820071442,0.03944583145092225,0.0
0.3832520699087331,0.08291519629735236,0.0
0.412213231566902,0.7097184255862496,0.0
0.37139830214272096,0.1176395545254193,0.0
0.35800261617402057,0.12042792732451722,0.0
0.2812487796883031,0.6560042257874689,0.0
0.31428815070078375,0.13818065069506022,0.0
0.28852572356145934,0.20349065903995692,0.0
0.5605190318119049,0.043739249444503324,0.0
0.6366260571956145,0.07002649456997702,0.0
0.5344494773609677,0.6926006370719702,0.0
0.246489416469,0.28837457585621784,0.0
0.6053815896953255,0.06047678071979718,0.0
0.42322376517337357,0.09186612313735032,0.0
0.8912222694127335,0.26045063768448284,0.0
0.6494188992161519,0.06265099561293644,0.0
0.3073714372195456,0.6649564415495797,0.0
0.4911800031571345,0.7252070061592127,0.0
0.6266592254410435,0.02192288597996555,0.0
0.5941687280089942,0.6614858157319489,0.0
0.551187356735998,0.0,0.0
0.9825624089249761,0.39419976564217113,0.0
0.5364771572990988,0.034299873916523727,0.0
0.27265663928376344,0.2102751608544265,0.0
0.6174583317829946,0.09121261991355287,0.0
0.3414277747125121,0.13456553333774418,0.0
0.4857807832195811,0.07068719750817375,0.0
0.9540447332356243,0.40517113615492895,0.0
0.2976082517607089,0.23125574983861658,0.0
0.9631061845835424,0.45067134863042513,0.0
0.9484030184575959,0.3602495757569592,0.0
0.26442623116394975,0.5875177781500254,0.0
0.5075568754106206,0.7056999123151118,0.0
0.41575621588478406,0.7151382982182648,0.0
0.5944036034029169,0.6329502283003675,0.0
0.42999190039085206,0.7378007343105374,0.0
0.7112032228398768,0.0839088142311588,0.0
0.47505082048506253,0.7439798711939886,0.0
0.23478372788911295,0.33448231574180526,0.0
0.8937769688563529,0.25943229803718365,0.0
0.5821225262149528,0.6694422596880288,0.0
0.8528200119731403,0.20750676420289071,0.0
0.20752726723962314,0.4326151460779563,0.0
0.358333822211848,0.6925956615171374,0.0
0.7309460490307119,0.06982800849447045,0.0
0.5895941183681997,0.01554996350046071,0.0
0.9026097171124762,0.27212416320044175,0.0
0.7849366919799471,0.133547120056058,0.0
0.8330479464156366,0.2308438037482189,0.0
0.22486536733511645,0.4262345895126562,0.0
0.2388361221966155,0.6808746215917937,0.0
0.7597513555684262,0.10171302741871918,0.0
0.8623556726457016,0.23842139993996464,0.0
0.9897765543283877,0.49257602184034727,0.0
0.2974176312734833,0.20567159352303024,0.0
0.2605447302923728,0.2612094711978778,0.0
0.8141054634770175,0.15738366730662526,0.0
0.2159126314414102,0.3084560951543473,0.0
0.9210846558908855,0.3791196670606979,0.0
0.881916523949505,0.24728094478721668,0.0
0.30998008058463644,0.19189366077914055,0.0
0.7947334359053575,0.10329274225781587,0.0
0.7707683897195483,0.15133297985469626,0.0
0.3913791330644489,0.7235006813585779,0.0
0.9382582402313476,0.31774084619720766,0.0
0.4124822804410493,0.06249311923183288,0.0
0.8582346744835656,0.22697565945490553,0.0
0.19340764349092912,0.36176008304120705,0.0
0.9250099206068022,0.3333716528923271,0.0
0.2677947601222457,0.25122546517199507,0.0
0.6072080040379546,0.5870756607303865,0.0
0.9336596303969406,0.34894482585153375,0.0
0.432971898202257,0.7316106586943154,0.0
0.20650872172245457,0.3437674975437059,0.0
0.9345714697997286,0.44408551992559336,0.0
0.9371870133583103,0.40192394198400294,0.0
0.5058188362985638,0.06883634260658525,0.0
0.6045797468866235,0.07621272061982114,0.0
0.3213244882277918,0.1471922830176066,0.0
0.19814182140854117,0.4465326880920631,0.0
0.2031253219300369,0.3423940315462637,0.0
0.6808993137858559,0.07727873734684552,0.0
0.7800856999549883,0.13022933821890584,0.0
0.8308275660502856,0.17375576278758234,0.0
0.8424127277097194,0.21297085779294625,0.0
0.4240488899841078,0.7067418905384635,0.0
0.3935958267994149,0.14025387691303193,0.0
0.49892134252656284,0.7448035412372516,0.0
0.5040373799408405,0.05055045610155654,0.0
0.33117968079026405,0.17957860772966916,0.0
0.9141214411624593,0.30772819616356484,0.0
0.22471893567767998,0.27643308119677845,0.0
0.3672559039608502,0.6972734307649899,0.0
0.3288998537223904,0.6785358526708855,0.0
0.7978973925033476,0.11459209976564491,0.0
0.5925946131674963,0.06630453099830333,0.0
0.380526168413918,0.7349064636159047,0.0
0.46701992559139166,0.709672886496233,0.0
0.7381990331924146,0.09513477262829548,0.0
0.46442209773911813,0.7267968441527268,0.0
0.8710436636185305,0.2164551299948725,0.0
0.7286862830420782,0.07536887093092458,0.0
0.4574946317914999,0.7056879703450397,0.0
0.4452366480227128,0.7151269457535202,0.0
0.9570077003195915,0.49773094533538165,0.0
0.2674163764400119,0.2630782108179501,0.0
0.2316179535961944,0.25307477254001143,0.0
0.8715437510726574,0.2056047374272744,0.0
0.9892373873318282,0.41540743497894167,0.0
0.9707734525116082,0.46936820581209243,0.0
0.7861525076541678,0.1308537488860068,0.0
0.2633545370826985,0.2657770021656647,0.0
0.43817949926992106,0.7074645065141466,0.0
0.7858429664024253,0.1682874196962014,0.0
0.4762449501863545,0.01910542790011916,0.0
0.3074830339806854,0.21789700045119184,0.0
0.9323505349850354,0.3557164572472991,0.0
0.3902621172359134,0.7212948088751395,0.0
0.4061050923475836,0.09116671988232966,0.0
0.608803658528618,0.6029046357606178,0.0
0.3483416243192212,0.13680568625800923,0.0
0.511330731691959,0.7011396809500599,0.0
0.3815415479857865,0.7016216498230667,0.0
0.3765019460388561,0.7183433353649722,0.0
0.6522725080829895,0.06787530221420476,0.0
0.7743441987968236,0.14061240553121046,0.0
0.5532514348680888,0.06121619733344401,0.0
0.960606790086328,0.4106748955327255,0.0
0.23554439122444584,0.24591173120530954,0.0
0.2010078178309222,0.42098747859965346,0.0
0.9060686658955388,0.29129966523532697,0.0
0.2293906326852414,0.5620991255900408,0.0
0.9618043086071448,0.40076294795768264,0.0
0.5897907930525667,0.5985842731486779,0.0
0.9449897307777849,0.45759550183384917,0.0
0.5675855895080287,0.7164564641721347,0.0
0.9190589231994051,0.34300806376690973,0.0
0.44714295239537055,0.06504458216462104,0.0
0.9603418107627456,0.4815635071192043,0.0
0.46674895437885217,0.7312666891884348,0.0
0.4880542188809425,0.05871350561833625,0.0
0.9695220148409355,0.4670261904459657,0.0
0.4521089804819395,0.047545086476613534,0.0
0.5668461346746693,0.07011684073583081,0.0
0.6850533870061482,0.08012469160621599,0.0
0.3218071252357479,0.10322398332740627,0.0
0.6104404937352013,0.06662801105609517,0.0
0.5252233279407115,0.005553301520859721,0.0
0.920883915500369,0.33950203704062376,0.0
0.5171504097964444,0.7022391877208936,0.0
0.2099114145955926,0.4444232470872984,0.0
0.9575763148819215,0.3966508078933671,0.0
0.9396094069968607,0.31253400657552466,0.0
0.34043756007675074,0.11724990369393845,0.0
0.5839868049649773,0.03627593010524776,0.0
0.20769428923494634,0.4718977931603292,0.0
0.24270624926274353,0.5932699880027733,0.0
0.37369475644738903,0.12095416532058373,0.0
0.22503568495488305,0.30815499093166066,0.0
0.5237403388496771,0.08354982798153963,0.0
0.47353349710346715,0.7211328485071562,0.0
0.9969977580078312,0.44409293001549854,0.0
0.9790859454790184,0.48046340662232223,0.0
0.7668490322522866,0.7739429755897063,1.0
0.04313185973902346,0.5706480146084045,1.0
0.24930332907449276,0.8733855983603108,1.0
0.47212276393069674,0.9503556894366111,1.0
0.686113417170315,0.3271220625837684,1.0
0.6713336772218924,0.30669054109126404,1.0
0.5068386332159486,0.2702159229185987,1.0
0.07959254979181875,0.7294230762512589,1.0
0.4557963425134472,0.9606293959256313,1.0
0.29032964833325037,0.8919247855735606,1.0
0.38580172297196824,0.38881462664576216,1.0
0.030551660995012154,0.5467749156994759,1.0
0.14537929019064774,0.7785208922519555,1.0
0.7662696446994485,0.4604957286577914,1.0
0.7180724879372178,0.3817317799177559,1.0
0.7305256992944871,0.37287147907892393,1.0
0.8089780059501983,0.6212577224175677,1.0
0.5662530277821174,0.9444561843049188,1.0
0.6822591882183948,0.8201094469375646,1.0
0.7723849632938503,0.5507761595424644,1.0
0.45185773305508753,0.9279424923102835,1.0
0.6607447579085243,0.296950918397311,1.0
0.7926028918438687,0.6017510674197409,1.0
0.7668841643132679,0.7217673200358983,1.0
0.6546575583331808,0.8700162787810443,1.0
0.17199288303557592,0.857944070123232,1.0
0.7550959890120534,0.41083162964374154,1.0
0.584137345480898,0.9394498790597415,1.0
0.45452627031907605,0.9248605217503363,1.0
0.46752334007224405,0.28608621710328136,1.0
0.4198629091594625,0.9580705361900274,1.0
0.7315505592172182,0.3466463360193413,1.0
0.509966598429907,0.30536742854471305,1.0
0.04704915304508128,0.6329238896536202,1.0
0.04535238917159883,0.5274753672065342,1.0
0.1611991244566994,0.8075962595447833,1.0
0.8053095707913948,0.6249345271297182,1.0
0.5784695297324272,0.24715120747679237,1.0
0.3066421305799944,0.9066132348982434,1.0
0.6689342641963489,0.8560394600505461,1.0
0.6565363323719128,0.2904887777083978,1.0
0.584577251749797,0.9119997153598082,1.0
0.4524055622932603,0.3109976014309508,1.0
0.06224780220261783,0.6528134292592207,1.0
0.7733817310153073,0.5289544728104436,1.0
0.3404295746099089,0.9406430679321481,1.0
0.7707446875982754,0.6197896949138267,1.0
0.5761804527526072,0.9160484857001602,1.0
0.5500632590090502,0.9297403999110324,1.0
0.7347908625085626,0.3871454348284375,1.0
0.014207960140330348,0.5206980139780979,1.0
0.164639370711867,0.863506274136598,1.0
0.03941702092025328,0.6479549467896083,1.0
0.06526073539775881,0.6789968613171629,1.0
0.4662506037681349,0.983324304002383,1.0
0.08780391269491349,0.6534016970670563,1.0
0.5753778709655109,0.27759135308250893,1.0
0.7556143534069875,0.3812203979100192,1.0
0.4464139694012186,0.29957655069822725,1.0
0.7765358859877302,0.6467728720428252,1.0
0.7450818469747417,0.7870940167873445,1.0
0.7890218551988861,0.5699724006716619,1.0
0.11190326153537501,0.770399133099333,1.0
0.7503600169357966,0.6817871747737422,1.0
0.787177233091949,0.5618534253622952,1.0
0.5531332887356563,0.9461528547476767,1.0
0.6512030562806854,0.33627919027523073,1.0
0.1749121965153912,0.8190448441779001,1.0
0.5243532937400053,0.2527553340548401,1.0
0.024857772272405623,0.5411154217884554,1.0
0.21931358613915933,0.8717139623451453,1.0
0.7394149653398848,0.3763121796758926,1.0
0.39210916344371977,0.40322049318643544,1.0
0.14730757344249507,0.7890639852585368,1.0
0.2700947966060633,0.8780646371094282,1.0
0.25413340323154393,0.8786177623724528,1.0
0.1746267890126902,0.7949160794940755,1.0
0.5261528166723818,0.3011574002268708,1.0
0.7848456822308236,0.7097764630390546,1.0
0.6100870200627364,0.2867568324307721,1.0
0.08285685526055081,0.7298790757656827,1.0
0.4144403565903947,0.9674983098336016,1.0
0.7750450277857353,0.662119550287986,1.0
0.4886066077241791,0.2619674241090645,1.0
0.780885470136292,0.6325099808072621,1.0
0.7928721314300402,0.6403092506335822,1.0
0.26802522970215414,0.882699685977345,1.0
0.38031051210072164,0.9293798515146979,1.0
0.04270054023345611,0.7033088263605931,1.0
0.6463453384614996,0.8777015713004753,1.0
0.6276307809070163,0.2905351075295636,1.0
0.24464214341878202,0.8919238570382548,1.0
0.21700386958539628,0.8348753685944462,1.0
0.505620550048568,0.9181655710176709,1.0
0.19956386374759547,0.8452907217336798,1.0
0.5802992404082052,0.9235299779104068,1.0
0.5502374316843479,0.9100101056114209,1.0
0.6960206975353754,0.8492013467803138,1.0
0.4007736080787169,0.34731049056416496,1.0
0.6090393976641536,0.28544969842647244,1.0
0.43079397337209346,0.32266186225826604,1.0
0.3699905280947199,0.9444003241967487,1.0
0.7671458998762081,0.5813192967038642,1.0
0.5892593277986675,0.9306675345451791,1.0
0.029874389947980022,0.6375755029567197,1.0
0.7913371399114147,0.5339478602637769,1.0
0.7128300513707435,0.7914808834997563,1.0
0.2089086246638571,0.8867394066359097,1.0
0.761888844926963,0.44120470810998863,1.0
0.5261952504355765,0.2519513380217693,1.0
0.7900347253158477,0.6110501573949132,1.0
0.7044171032092897,0.32715068922199814,1.0
0.04822652656913861,0.5915959795963226,1.0
0.16344317693649135,0.7998564137828578,1.0
0.38439524232543204,1.0,1.0
0.09553654366280345,0.6987182150686675,1.0
0.14857052626392142,0.82716968223361,1.0
0.7351506541078405,0.3483791410622259,1.0
0.0891065243180304,0.6675382319443576,1.0
0.5637640049737336,0.952502755794402,1.0
0.1441936493717049,0.8247003840081697,1.0
0.07388683254399975,0.6887821067037981,1.0
0.7892708513603173,0.6252532895515563,1.0
0.5974761492564105,0.29267134311600507,1.0
0.7660080267463325,0.44642427535080703,1.0
0.6791805900950605,0.8358167191836955,1.0
0.17078838347328062,0.7694584876555403,1.0
0.10019857063568043,0.7529974110451343,1.0
0.3891492802264413,0.4331769744579239,1.0
0.5634866691986408,0.9238565763408886,1.0
0.7019205839018773,0.8320495888768218,1.0
0.7848835925520213,0.4874276726938708,1.0
0.6358680205642037,0.2874070909348878,1.0
0.7760224925319832,0.6725138005091863,1.0
0.05118593436985687,0.5918943213723337,1.0
0.7825156909251921,0.6737951412106077,1.0
0.5521644047413573,0.9419073082198909,1.0
0.30232364765839476,0.9069576828757143,1.0
0.7242142635447694,0.7164520556667868,1.0
0.05425801931318068,0.5475796494665189,1.0
0.02300333617779736,0.5550774134991163,1.0
0.795586250844978,0.5125026160409194,1.0
0.5959107219036925,0.8994160828767044,1.0
0.7808424142084585,0.5891293087389282,1.0
0.8126778707766109,0.5664763928880278,1.0
0.45815751356718903,0.34283392820543557,1.0
0.4395931261647872,0.9399791748792056,1.0
0.5975471860954612,0.9098281682668455,1.0
0.45967020665799413,0.29566037191271904,1.0
0.7706351050436957,0.5801622587110842,1.0
0.0579399294424452,0.6578064175278954,1.0
0.7819702690358289,0.47285266627249484,1.0
0.6822420350152751,0.30020074302084604,1.0
0.6239384907110469,0.8754546776493961,1.0
0.03265826562289497,0.5582538756516426,1.0
0.7639135132898747,0.4706317981314976,1.0
0.33546761226763283,0.9316564722814652,1.0
0.20930271937418166,0.8647412880748705,1.0
0.7862560003144281,0.49301621773891496,1.0
0.2536453593306253,0.8844580649884978,1.0
0.762941976082705,0.7680866581375687,1.0
0.38682834074578304,0.9267583899183464,1.0
0.4035316263973522,0.941519698665568,1.0
0.5085561234916581,0.9466240628138739,1.0
0.5560354281299269,0.26566490398643544,1.0
0.12767469083854477,0.7680928698495222,1.0
0.7916058457288869,0.6380512278955979,1.0
0.7410937460477156,0.36907923967734957,1.0
0.45964139923809033,0.3187041839720579,1.0
0.4401802066722004,0.9667946693273858,1.0
0.3116002102803097,0.9397795867811195,1.0
0.40615448143069244,0.41001632480642736,1.0
0.5740587509500548,0.9110965132170017,1.0
0.7697995419904321,0.44527090262662633,1.0
0.3808323517479702,0.911679215969634,1.0
0.7023447079755459,0.333780606459534,1.0
0.31423128981002685,0.9475636516003776,1.0
0.73488271954848,0.7640639024123196,1.0
0.0500945639352179,0.6279576975758647,1.0
0.6466342212337719,0.30369430293061195,1.0
0.7858194118593677,0.6941997783342472,1.0
0.6170796989199092,0.2944118178723436,1.0
0.01469833472070893,0.6394027639706292,1.0
0.0766374921646724,0.6707151277327189,1.0
0.7926093952067204,0.5399912065153418,1.0
0.34403795816575194,0.9511997001971457,1.0
0.16484317563027676,0.8125352417605182,1.0
0.5354222055978377,0.9531813379668961,1.0
0.5517813835261116,0.900128614458955,1.0
0.7751427704387989,0.46729125629432183,1.0
0.6029976765152704,0.26454230080236524,1.0
0.07395454865520976,0.6816832111783425,1.0
0.07061754569123822,0.6967565750314693,1.0
0.3782279445407288,0.9471840842884551,1.0
0.7611782270470946,0.6581778775423809,1.0
0.7570320391141625,0.7000977638524787,1.0
0.24411573870424155,0.8784789055884689,1.0
0.05105981028280258,0.6706568706598025,1.0
0.05659863661958691,0.7013190475144363,1.0
0.18315608031750766,0.8100866841759282,1.0
0.36904001614700455,0.9279510071917042,1.0
0.5548431615250892,0.2908971967929337,1.0
0.6720193905602696,0.3342517281756439,1.0
0.06879920449836877,0.6816694492782172,1.0
0.43276871600364997,0.934523952448291,1.0
0.3869447384274431,0.3981800547986518,1.0
0.6050121689192854,0.27047332968247073,1.0
0.3693075220125783,0.9317174310786042,1.0
0.37936003490580367,0.41088718497674975,1.0
0.6718711163061005,0.3030313286057455,1.0
0.5249724969227212,0.9466031394175003,1.0
0.2748268657817531,0.9325497865817883,1.0
0.351110761221578,0.9403148741733762,1.0
0.7927884246315114,0.46192857948721106,1.0
0.2655636889903937,0.8863771379891557,1.0
0.7442099805815897,0.45995424011014635,1.0
0.7758911796103958,0.6374913421677799,1.0
0.22129061351086196,0.8729945174708645,1.0
0.35856638944902075,0.9271421993684075,1.0
0.11235882311490775,0.7527435100949906,1.0
0.33334188715066065,0.9603121197730106,1.0
0.48860722232886816,0.9443762316622824,1.0
0.5823138130538753,0.27186453734214044,1.0
0.7672081386487111,0.7395192123774669,1.0
0.7774894838510508,0.5373786816097232,1.0
0.7626526310645187,0.48851983833350426,1.0
0.03389101620012905,0.5421994692106873,1.0
0.7284433168333789,0.7442436378765808,1.0
0.06742309728983374,0.6817692108818287,1.0
0.3930445492333459,0.926101955060544,1.0
0.18375283747888732,0.8026919978855432,1.0
0.6061038758834202,0.9177576625573621,1.0
0.4667500159361778,0.9772041620867754,1.0
0.5884892049989625,0.9180993725998962,1.0
0.7581688615843387,0.3777371499026159,1.0
0.276258098199926,0.8892900671484617,1.0
0.792749724203418,0.5682537600134252,1.0
0.4119048471080878,0.3639988295111196,1.0
0.3802726265874928,0.9092451123541866,1.0
0.7413549449740031,0.32791718546166787,1.0
0.06275149485762146,0.621095362640758,1.0
0.024932860509339835,0.5712426268447602,1.0
0.044293846719095836,0.6397656424113937,1.0
0.7463097805129151,0.7525143373004813,1.0
0.41864586963710887,0.4069073057559931,1.0
0.04489377232558834,0.6177647314689402,1.0
0.6669687265849936,0.8156059414526311,1.0
0.050990529397368894,0.5852806526614235,1.0
0.019046102102475815,0.5515263172314803,1.0
0.10607789284048015,0.7443910557410356,1.0
0.775575289611836,0.5996172306512725,1.0
0.7308553415310052,0.764068786786232,1.0
0.11632717577765846,0.7422885219362909,1.0
0.775824705285079,0.636079941086818,1.0
0.7102003864629617,0.33806850530920657,1.0
0.5043903282424959,0.9688467846786883,1.0
0.05774786226713616,0.6032114460252841,1.0
0.30304216780312915,0.9080956090072289,1.0
0.5049248432518197,0.950988053794931,1.0
0.5778447002772225,0.2764971967827924,1.0
0.39241262289768214,0.9271994530117158,1.0
0.011748213500974844,0.518941320177717,1.0
0.6911214462116134,0.34190670357760206,1.0
0.5775590738626288,0.9303341773848112,1.0
0.059389422410004916,0.6933823541623342,1.0
0.21890537587183825,0.8662369585824649,1.0
0.28863003386728514,0.9049779908957031,1.0
0.2535904265244267,0.9226223864009863,1.0
0.7430510656045302,0.7239248280975183,1.0
0.8189760270276097,0.5741446505610398,1.0
0.11086866069106169,0.7945843055072296,1.0
0.1645944216689243,0.8332002932678535,1.0
0.07611863933590776,0.7273714924323111,1.0
0.054879830639340786,0.644330209182505,1.0
0.6182493639758897,0.8902147107594465,1.0
0.5970174425769487,0.9175897485247385,1.0
0.17717060628392745,0.8153928303810832,1.0
0.36605878872669956,0.931576336917678,1.0
0.2880897074828274,0.9037505418930845,1.0
0.17298302615723915,0.8102436295262688,1.0
0.08276350336238283,0.6828250198990998,1.0
0.7898046437518101,0.6785681624683858,1.0
0.7197949931649651,0.7704592663944678,1.0
0.5587660306977458,0.2562792955299043,1.0
0.46532376030068073,0.9703737106512306,1.0
0.4057429437125995,0.3734736347536172,1.0
0.6602331295764051,0.8796243428697254,1.0
0.5296645721086279,0.9400392150104193,1.0
0.796197254717625,0.5870902621223214,1.0
0.4626633831500741,0.9492144289496296,1.0
0.4232457534107592,0.32891842874129745,1.0
0.43797150661222223,0.33498083980749077,1.0
0.144065187052983,0.7302880711569291,1.0
0.7684953442098968,0.7244087475030795,1.0
0.6409173351862769,0.28135468177779255,1.0
0.5788943717318616,0.9407126529824527,1.0
0.18213619485125102,0.8541820289691409,1.0
0.7476929329392521,0.4048480286068178,1.0
0.39416804753874324,0.9611400280174371,1.0
0.5671346572482262,0.27621235872371364,1.0
0.48460308558382903,0.2987628046580983,1.0
0.538387982010666,0.9369514531429055,1.0
0.5456410007007508,0.947374329596264,1.0
0.3986816439648221,0.9550905663452592,1.0
0.25565422247551167,0.909451901885393,1.0
0.03310941754329403,0.5254226001205096,1.0
0.5686096192888326,0.9070146236434913,1.0
0.7699491841169732,0.6475147748990732,1.0
0.15242972140816172,0.812077842169695,1.0
0.7591930771858162,0.5465870127159231,1.0
0.679141511712271,0.8297292695990908,1.0
0.5467881887588345,0.28485246824402377,1.0
0.39175683067830547,0.33298048147590253,1.0
0.02638537372030107,0.5470583329688018,1.0
0.13449911113904706,0.7603667974402295,1.0
0.2886857757723317,0.878674926552542,1.0
0.7236071448745148,0.780316242280544,1.0
0.7176316047701709,0.3557226184082107,1.0
0.7126826920446478,0.3013865320142483,1.0
0.7370631692727716,0.5028834104399492,1.0
0.5472235231227899,0.9596833889094231,1.0
0.26936538720587305,0.8915072044319406,1.0
0.3578963551404763,0.9171237393299998,1.0
0.7955434072494515,0.5708236611651897,1.0
0.05685278238551652,0.625577698790978,1.0
0.24041623135766838,0.8709264382358747,1.0
0.5117469356884566,0.9085819241990175,1.0
0.41076100409782096,0.9401950821416498,1.0
0.6943770152868917,0.8204977239915148,1.0
0.7690746514454024,0.5141708273342995,1.0
0.761675407006334,0.7131170018854719,1.0
0.20383580014122946,0.8628366384840537,1.0
0.40987592813799356,0.37157817836240253,1.0
0.6096609843942291,0.2732835368442288,1.0
0.4402786350485439,0.28386925490006704,1.0
0.44129294593277896,0.3233648008840526,1.0
0.10828037846745225,0.7392781757306324,1.0
0.29441269337689685,0.9061498718136055,1.0
0.6384204450643656,0.8828421078987869,1.0
0.5848897467335121,0.2585173545506553,1.0
0.5711030405198068,0.8987340606432936,1.0
0.6548982551078912,0.9002880382090943,1.0
0.7311029846753156,0.3724811071191732,1.0
0.686757194027643,0.8409343404748311,1.0
0.7157198960556563,0.7804901426947451,1.0
0.423915125154836,0.9682107555465034,1.0
0.3823749949031071,0.93529569292948,1.0
0.45888399705290983,0.3101094294749947,1.0
0.7255620046684212,0.7060205373307403,1.0
0.3906474581714978,0.9238419706256547,1.0
0.5831769634843298,0.9080050351503391,1.0
0.09664316783160053,0.7599724835873749,1.0
0.35297277026745455,0.9402584518345353,1.0
0.7114572878284506,0.31413719318320066,1.0
0.5339838697825189,0.2702985520257362,1.0
0.3831495453008582,0.9221885660233272,1.0
0.39482074031660047,0.35731906371327465,1.0
0.4680104866121983,0.9312654875588001,1.0
0.034297444844575364,0.6214558774346377,1.0
0.4608638049197785,0.9745984540965026,1.0
0.7215819125534163,0.7806698264621488,1.0
0.36680199870920904,0.951455721815445,1.0
0.6460997323422747,0.8646640954165847,1.0
0.5264585171751158,0.9186440922969029,1.0
0.05789811188920393,0.590479565354571,1.0
0.7336077116359344,0.7484538404234202,1.0
0.0,0.5627578600490203,1.0
0.10298327144986867,0.6727949216808523,1.0
0.743435877290472,0.38594869898663625,1.0
0.5158674179917958,0.28199582849522004,1.0
0.5696183951498514,0.2894785441997287,1.0
0.4139355854380152,0.38378324212560305,1.0
0.579977790633245,0.2682535803927184,1.0
0.3216907936752708,0.9327964382383004,1.0
0.5145277510323893,0.2611739103457814,1.0
0.783166458267644,0.6694530500608157,1.0
0.09514829568575947,0.7253154157047472,1.0
0.4144440474243751,0.3539879913553001,1.0
0.146090267943467,0.7972773680315707,1.0
0.7850832259319044,0.5922059454764582,1.0
0.5997280835421432,0.2656540438598353,1.0
0.29000603212381104,0.8845127391047122,1.0
0.3914400528715026,0.9740386096667746,1.0
0.08667038322750671,0.7068724249558908,1.0
0.2193575089352428,0.8716590559070847,1.0
0.14954630628528956,0.8015495504092052,1.0
0.807680848362336,0.5761387497202034,1.0
0.7055066110215847,0.3621505423713576,1.0
0.22542545448554413,0.8876404151452685,1.0
0.17529123980636352,0.7849746956855441,1.0
0.0173940352942684,0.49345379911105736,1.0
0.7065595096370837,0.8158743935263492,1.0
0.7642364234137207,0.740676677195572,1.0
0.1812171931801819,0.8424549641285115,1.0
0.7587872093402551,0.7217172005712821,1.0
0.0279164857618067,0.6206702102838211,1.0
0.13218508685881653,0.7316380191542418,1.0
0.6884282261988849,0.8246212335246649,1.0
0.21490730129632973,0.8914865745443151,1.0
0.17972117725119074,0.8905766173199511,1.0
0.5710482145558282,0.2660990835321992,1.0
0.06211634768167353,0.6738256247361567,1.0
0.563664406291009,0.9203936195631934,1.0
0.16169174237452555,0.7528852091318754,1.0
0.7840823237609345,0.6325984374821833,1.0
0.07965063677004085,0.6749775692523722,1.0
0.7244959285084276,0.7797089595189324,1.0
0.42032558165982226,0.40024818506950627,1.0
0.07754464916165842,0.6360917808290452,1.0
0.551961281125321,0.27570418607148106,1.0
0.8037956793042822,0.6490779025173125,1.0
0.03822810801853045,0.5850294839309221,1.0
0.023921601466253488,0.5947827088016681,1.0
0.495203179508591,0.9372408440684358,1.0
0.3824943693400855,0.9487526237014847,1.0
0.6605660968325625,0.8548282987699947,1.0
0.8194036738976326,0.5852151075159858,1.0
0.7722227095400664,0.6499145356552062,1.0
0.33835182181750423,0.9250895789795341,1.0
0.20594232306087745,0.8890536639707739,1.0
0.18970655413074625,0.8113258134104214,1.0
0.14259425849495885,0.8420595767415674,1.0
0.5558610190398551,0.2813075032369988,1.0
0.5740576973907913,0.919261758580674,1.0
0.4693859347296682,0.2952658310766269,1.0
0.5199286092850883,0.9211232825717811,1.0
0.6698126194447636,0.8595176654636304,1.0
0.08033653617308972,0.6972553150398719,1.0
0.7947843177017541,0.6763404269342838,1.0
0.6458384848645206,0.2812434428046821,1.0
0.656677113936876,0.28268189719175885,1.0
0.2013339043970646,0.8724859181040546,1.0
0.4090190819922899,0.9733203777063886,1.0
0.5663083751707787,0.2697442780357661,1.0
0.5311694658150518,0.27366972268324935,1.0
0.29879244489729073,0.9031002913478358,1.0
0.4844497948624554,0.27399457203041877,1.0
0.14245809456299618,0.7902829408113202,1.0
0.2965194270911879,0.8877638180917848,1.0
0.553822584485298,0.28867585006811963,1.0
0.524948024623246,0.2728328668542847,1.0
0.022938422962591003,0.5209009321737199,1.0
0.752750953939343,0.7373380213364941,1.0
0.7403954643803843,0.740212171858188,1.0
0.128906574831474,0.7760074508971821,1.0
0.05434942036154742,0.5695321319831859,1.0
0.040675667759520286,0.531604822646399,1.0
0.18849991006480593,0.8527706454351661,1.0
0.7637683143736513,0.7320572842874944,1.0
0.5416062021974706,0.2754695197560659,1.0
0.19690942448590804,0.8345020846076455,1.0
0.496776650158348,0.9662743415246297,1.0
0.7230221480643249,0.8416107129967182,1.0
0.06740001379166527,0.6430825040917365,1.0
0.5970578998650826,0.2844435297805616,1.0
0.6125380148323917,0.9267023108660197,1.0
0.40353857869333787,0.3745221477011182,1.0
0.6559827086694971,0.8613539600575729,1.0
0.47883743210053237,0.2882085536367163,1.0
0.6550402782962349,0.33565308685798056,1.0
0.6315919128919157,0.27653011498533064,1.0
0.3706188020154355,0.9544217708358796,1.0
0.21902575645661337,0.903745076884645,1.0
0.46963802976853625,0.9556690657546839,1.0
0.04810828823852592,0.5718873326311594,1.0
0.7596202040989046,0.7360820056989964,1.0
0.7800178367444717,0.5545740481858553,1.0
0.09994178573018679,0.7300497350690696,1.0
0.7749850061586316,0.4742855826067307,1.0
0.037640397693549175,0.5744528552268453,1.0
0.37827339125504195,0.3903116434384173,1.0
0.0458507249870375,0.566230515265638,1.0
0.44954562318275637,0.30204474148268956,1.0
0.053505616694736656,0.6752556140165604,1.0
0.5670192524504946,0.9374215298012054,1.0
0.03652605401391507,0.5122448621265349,1.0
0.5260891757722057,0.25835742815832274,1.0
0.5234105289854778,0.9470317920486853,1.0
0.0429871106778148,0.5429630433205546,1.0
0.5283765042435382,0.9438810784365528,1.0
0.3861769717191278,0.9294109696732846,1.0
0.3033960035599091,0.9072614444793063,1.0
0.6750991830029264,0.8741394391050472,1.0
0.40651426263010215,0.9209341231988573,1.0
0.4828784795677136,0.9516160915607418,1.0
0.06392996370963692,0.668204308158434,1.0
0.4325334893787236,0.30646943967230084,1.0
0.7729631026564079,0.5402005267381181,1.0
0.01992129133326986,0.6040778180297224,1.0
0.06746948170328085,0.7099896369278609,1.0
0.6496679155769,0.8344365234916098,1.0
0.39115299367411044,0.9681815050352247,1.0
0.7859286776250121,0.5468902061396319,1.0
0.737657700305469,0.385384573810194,1.0
0.6637338050932934,0.8991701048315455,1.0
0.7580766729258521,0.6850633892362252,1.0
0.4595185778121508,0.9515171398932895,1.0
0.5207352919978127,0.2516427488646174,1.0
0.039117376736281496,0.5426301499757151,1.0
0.03110986589994302,0.509702282197437,1.0
